{"cameraMode":{"drawMode":0,"name":"Shaded","section":"Shading Mode"},"sceneLighting":true,"audioPlay":false,"sceneViewState":{"showFog":true,"showMaterialUpdate":false,"showSkybox":true,"showFlares":true,"showImageEffects":true,"showParticleSystems":true,"showVisualEffectGraphs":true,"m_FxEnabled":true},"in2DMode":false,"pivot":{"x":1.4628691673278809,"y":0.05742788314819336,"z":-1.2924256324768067},"rotation":{"x":-0.053980354219675067,"y":0.9346599578857422,"z":-0.16170157492160798,"w":-0.31202003359794619},"size":3.6999988555908205,"orthographic":false}